-- Populando Unidade
INSERT INTO Unidade (idUnidade, cidade, estado, pais, predio_bloco) VALUES (1, 'Cidade1', 'Estado1', 'Brasil', 'Bloco 1');
INSERT INTO Unidade (idUnidade, cidade, estado, pais, predio_bloco) VALUES (2, 'Cidade2', 'Estado2', 'Brasil', 'Bloco 2');
INSERT INTO Usuario VALUES ('Chefe1', 'Sobrenome1', '(11)90000-0001', '1975-01-01',
        'Rua 34', '242', 'Bairro 3', 'CidadeX', 
        'SP', '66530-248', 'M', 'chefe1.sobrenome1@exemplo.com', 'senha123');
INSERT INTO Professor VALUES (
        1, 'Chefe1', 'Sobrenome1', '(11)90000-0001', 'Área 1', 'Titulação 1'
    );
INSERT INTO Usuario VALUES ('Chefe2', 'Sobrenome2', '(11)90000-0002', '1975-01-01',
        'Rua 38', '31', 'Bairro 10', 'CidadeX', 
        'SP', '50223-727', 'M', 'chefe2.sobrenome2@exemplo.com', 'senha123');
INSERT INTO Professor VALUES (
        1, 'Chefe2', 'Sobrenome2', '(11)90000-0002', 'Área 2', 'Titulação 2'
    );
INSERT INTO Usuario VALUES ('Chefe3', 'Sobrenome3', '(11)90000-0003', '1975-01-01',
        'Rua 9', '253', 'Bairro 10', 'CidadeX', 
        'SP', '81139-325', 'M', 'chefe3.sobrenome3@exemplo.com', 'senha123');
INSERT INTO Professor VALUES (
        2, 'Chefe3', 'Sobrenome3', '(11)90000-0003', 'Área 3', 'Titulação 3'
    );
INSERT INTO Usuario VALUES ('Chefe4', 'Sobrenome4', '(11)90000-0004', '1975-01-01',
        'Rua 11', '293', 'Bairro 5', 'CidadeX', 
        'SP', '20836-409', 'M', 'chefe4.sobrenome4@exemplo.com', 'senha123');
INSERT INTO Professor VALUES (
        1, 'Chefe4', 'Sobrenome4', '(11)90000-0004', 'Área 4', 'Titulação 4'
    );
INSERT INTO Usuario VALUES ('Chefe5', 'Sobrenome5', '(11)90000-0005', '1975-01-01',
        'Rua 3', '458', 'Bairro 3', 'CidadeX', 
        'SP', '98312-888', 'M', 'chefe5.sobrenome5@exemplo.com', 'senha123');
INSERT INTO Professor VALUES (
        1, 'Chefe5', 'Sobrenome5', '(11)90000-0005', 'Área 5', 'Titulação 5'
    );
INSERT INTO Usuario VALUES ('Chefe6', 'Sobrenome6', '(11)90000-0006', '1975-01-01',
        'Rua 19', '190', 'Bairro 3', 'CidadeX', 
        'SP', '80706-363', 'M', 'chefe6.sobrenome6@exemplo.com', 'senha123');
INSERT INTO Professor VALUES (
        2, 'Chefe6', 'Sobrenome6', '(11)90000-0006', 'Área 6', 'Titulação 6'
    );
INSERT INTO Usuario VALUES ('Chefe7', 'Sobrenome7', '(11)90000-0007', '1975-01-01',
        'Rua 37', '453', 'Bairro 1', 'CidadeX', 
        'SP', '94871-817', 'M', 'chefe7.sobrenome7@exemplo.com', 'senha123');
INSERT INTO Professor VALUES (
        2, 'Chefe7', 'Sobrenome7', '(11)90000-0007', 'Área 7', 'Titulação 7'
    );
INSERT INTO Usuario VALUES ('Chefe8', 'Sobrenome8', '(11)90000-0008', '1975-01-01',
        'Rua 56', '167', 'Bairro 9', 'CidadeX', 
        'SP', '78231-910', 'M', 'chefe8.sobrenome8@exemplo.com', 'senha123');
INSERT INTO Professor VALUES (
        1, 'Chefe8', 'Sobrenome8', '(11)90000-0008', 'Área 8', 'Titulação 8'
    );
INSERT INTO Usuario VALUES ('Chefe9', 'Sobrenome9', '(11)90000-0009', '1975-01-01',
        'Rua 89', '466', 'Bairro 5', 'CidadeX', 
        'SP', '95215-843', 'M', 'chefe9.sobrenome9@exemplo.com', 'senha123');
INSERT INTO Professor VALUES (
        1, 'Chefe9', 'Sobrenome9', '(11)90000-0009', 'Área 9', 'Titulação 9'
    );
INSERT INTO Usuario VALUES ('Chefe10', 'Sobrenome10', '(11)90000-00010', '1975-01-01',
        'Rua 54', '317', 'Bairro 1', 'CidadeX', 
        'SP', '87791-608', 'M', 'chefe10.sobrenome10@exemplo.com', 'senha123');
INSERT INTO Professor VALUES (
        1, 'Chefe10', 'Sobrenome10', '(11)90000-00010', 'Área 10', 'Titulação 10'
    );
INSERT INTO Usuario VALUES ('Gustavo', 'Gomes', '(11)95007-1254', '1980-01-01',
        'Rua 7', '339', 'Bairro 4', 'CidadeX', 
        'SP', '60752-664', 'M', 'gustavo.gomes@exemplo.com', 'senha123');
INSERT INTO Professor VALUES (
        1, 'Gustavo', 'Gomes', '(11)95007-1254', 'Formação11', 'Titulação11'
    );
INSERT INTO Usuario VALUES ('Ana', 'Santos', '(11)96579-8782', '1980-01-01',
        'Rua 72', '77', 'Bairro 6', 'CidadeX', 
        'SP', '58371-832', 'M', 'ana.santos@exemplo.com', 'senha123');
INSERT INTO Professor VALUES (
        1, 'Ana', 'Santos', '(11)96579-8782', 'Formação12', 'Titulação12'
    );
INSERT INTO Usuario VALUES ('Beatriz', 'Oliveira', '(11)91725-1016', '1980-01-01',
        'Rua 21', '9', 'Bairro 3', 'CidadeX', 
        'SP', '83902-190', 'M', 'beatriz.oliveira@exemplo.com', 'senha123');
INSERT INTO Professor VALUES (
        2, 'Beatriz', 'Oliveira', '(11)91725-1016', 'Formação13', 'Titulação13'
    );
INSERT INTO Usuario VALUES ('Rafael', 'Pereira', '(11)92984-9413', '1980-01-01',
        'Rua 87', '153', 'Bairro 2', 'CidadeX', 
        'SP', '12064-926', 'M', 'rafael.pereira@exemplo.com', 'senha123');
INSERT INTO Professor VALUES (
        2, 'Rafael', 'Pereira', '(11)92984-9413', 'Formação14', 'Titulação14'
    );
INSERT INTO Usuario VALUES ('Luciana', 'Almeida', '(11)92107-6125', '1980-01-01',
        'Rua 42', '355', 'Bairro 7', 'CidadeX', 
        'SP', '63308-942', 'M', 'luciana.almeida@exemplo.com', 'senha123');
INSERT INTO Professor VALUES (
        1, 'Luciana', 'Almeida', '(11)92107-6125', 'Formação15', 'Titulação15'
    );
INSERT INTO Usuario VALUES ('Fernanda', 'Santos', '(11)98593-1814', '1980-01-01',
        'Rua 71', '281', 'Bairro 9', 'CidadeX', 
        'SP', '28847-789', 'M', 'fernanda.santos@exemplo.com', 'senha123');
INSERT INTO Professor VALUES (
        2, 'Fernanda', 'Santos', '(11)98593-1814', 'Formação16', 'Titulação16'
    );
INSERT INTO Usuario VALUES ('Fernanda', 'Gomes', '(11)99048-5674', '1980-01-01',
        'Rua 98', '208', 'Bairro 3', 'CidadeX', 
        'SP', '30838-636', 'M', 'fernanda.gomes@exemplo.com', 'senha123');
INSERT INTO Professor VALUES (
        2, 'Fernanda', 'Gomes', '(11)99048-5674', 'Formação17', 'Titulação17'
    );
INSERT INTO Usuario VALUES ('João', 'Ferreira', '(11)98428-3876', '1980-01-01',
        'Rua 12', '402', 'Bairro 7', 'CidadeX', 
        'SP', '27565-469', 'M', 'joão.ferreira@exemplo.com', 'senha123');
INSERT INTO Professor VALUES (
        2, 'João', 'Ferreira', '(11)98428-3876', 'Formação18', 'Titulação18'
    );
INSERT INTO Usuario VALUES ('Rafael', 'Almeida', '(11)96555-7383', '1980-01-01',
        'Rua 62', '32', 'Bairro 9', 'CidadeX', 
        'SP', '59558-236', 'M', 'rafael.almeida@exemplo.com', 'senha123');
INSERT INTO Professor VALUES (
        1, 'Rafael', 'Almeida', '(11)96555-7383', 'Formação19', 'Titulação19'
    );
INSERT INTO Usuario VALUES ('Carlos', 'Santos', '(11)98311-4580', '1980-01-01',
        'Rua 74', '463', 'Bairro 9', 'CidadeX', 
        'SP', '75985-133', 'M', 'carlos.santos@exemplo.com', 'senha123');
INSERT INTO Professor VALUES (
        2, 'Carlos', 'Santos', '(11)98311-4580', 'Formação20', 'Titulação20'
    );
INSERT INTO Usuario VALUES ('Pedro', 'Costa', '(11)98048-7517', '2003-05-15',
        'Rua 77', '500', 'Bairro 6', 'CidadeX', 
        'SP', '97122-904', 'F', 'pedro.costa@exemplo.com', 'senha123');
INSERT INTO Aluno VALUES (
        1, 'Pedro', 'Costa', '(11)98048-7517', 'regular'
    );
INSERT INTO Usuario VALUES ('Carlos', 'Almeida', '(11)98919-4164', '2003-05-15',
        'Rua 83', '71', 'Bairro 7', 'CidadeX', 
        'SP', '14335-449', 'F', 'carlos.almeida@exemplo.com', 'senha123');
INSERT INTO Aluno VALUES (
        1, 'Carlos', 'Almeida', '(11)98919-4164', 'regular'
    );
INSERT INTO Usuario VALUES ('Ana', 'Costa', '(11)91125-2206', '2003-05-15',
        'Rua 86', '378', 'Bairro 9', 'CidadeX', 
        'SP', '71606-896', 'F', 'ana.costa@exemplo.com', 'senha123');
INSERT INTO Aluno VALUES (
        2, 'Ana', 'Costa', '(11)91125-2206', 'regular'
    );
INSERT INTO Usuario VALUES ('Rafael', 'Oliveira', '(11)96803-7297', '2003-05-15',
        'Rua 54', '348', 'Bairro 10', 'CidadeX', 
        'SP', '93184-885', 'F', 'rafael.oliveira@exemplo.com', 'senha123');
INSERT INTO Aluno VALUES (
        2, 'Rafael', 'Oliveira', '(11)96803-7297', 'regular'
    );
INSERT INTO Usuario VALUES ('Marina', 'Costa', '(11)94811-5687', '2003-05-15',
        'Rua 20', '365', 'Bairro 1', 'CidadeX', 
        'SP', '86440-323', 'F', 'marina.costa@exemplo.com', 'senha123');
INSERT INTO Aluno VALUES (
        1, 'Marina', 'Costa', '(11)94811-5687', 'regular'
    );
INSERT INTO Usuario VALUES ('Gustavo', 'Pereira', '(11)95726-5283', '2003-05-15',
        'Rua 35', '176', 'Bairro 7', 'CidadeX', 
        'SP', '49357-572', 'F', 'gustavo.pereira@exemplo.com', 'senha123');
INSERT INTO Aluno VALUES (
        2, 'Gustavo', 'Pereira', '(11)95726-5283', 'regular'
    );
INSERT INTO Usuario VALUES ('Carlos', 'Pereira', '(11)91920-6656', '2003-05-15',
        'Rua 50', '52', 'Bairro 1', 'CidadeX', 
        'SP', '65907-373', 'F', 'carlos.pereira@exemplo.com', 'senha123');
INSERT INTO Aluno VALUES (
        2, 'Carlos', 'Pereira', '(11)91920-6656', 'regular'
    );
INSERT INTO Usuario VALUES ('Ana', 'Souza', '(11)96248-6896', '2003-05-15',
        'Rua 18', '263', 'Bairro 3', 'CidadeX', 
        'SP', '99094-813', 'F', 'ana.souza@exemplo.com', 'senha123');
INSERT INTO Aluno VALUES (
        1, 'Ana', 'Souza', '(11)96248-6896', 'regular'
    );
INSERT INTO Usuario VALUES ('João', 'Ferreira', '(11)95954-3520', '2003-05-15',
        'Rua 39', '292', 'Bairro 2', 'CidadeX', 
        'SP', '92858-283', 'F', 'joão.ferreira@exemplo.com', 'senha123');
INSERT INTO Aluno VALUES (
        1, 'João', 'Ferreira', '(11)95954-3520', 'regular'
    );
INSERT INTO Usuario VALUES ('Gustavo', 'Ferreira', '(11)95991-9097', '2003-05-15',
        'Rua 31', '471', 'Bairro 8', 'CidadeX', 
        'SP', '24571-453', 'F', 'gustavo.ferreira@exemplo.com', 'senha123');
INSERT INTO Aluno VALUES (
        2, 'Gustavo', 'Ferreira', '(11)95991-9097', 'regular'
    );
INSERT INTO Usuario VALUES ('Marina', 'Gomes', '(11)93404-8188', '2003-05-15',
        'Rua 8', '325', 'Bairro 8', 'CidadeX', 
        'SP', '83830-785', 'F', 'marina.gomes@exemplo.com', 'senha123');
INSERT INTO Aluno VALUES (
        2, 'Marina', 'Gomes', '(11)93404-8188', 'regular'
    );
INSERT INTO Usuario VALUES ('Pedro', 'Oliveira', '(11)93374-5375', '2003-05-15',
        'Rua 17', '425', 'Bairro 9', 'CidadeX', 
        'SP', '44974-798', 'F', 'pedro.oliveira@exemplo.com', 'senha123');
INSERT INTO Aluno VALUES (
        1, 'Pedro', 'Oliveira', '(11)93374-5375', 'regular'
    );
INSERT INTO Usuario VALUES ('João', 'Silva', '(11)91569-9964', '2003-05-15',
        'Rua 61', '159', 'Bairro 7', 'CidadeX', 
        'SP', '25540-377', 'F', 'joão.silva@exemplo.com', 'senha123');
INSERT INTO Aluno VALUES (
        2, 'João', 'Silva', '(11)91569-9964', 'regular'
    );
INSERT INTO Usuario VALUES ('Luciana', 'Almeida', '(11)96876-3000', '2003-05-15',
        'Rua 26', '343', 'Bairro 1', 'CidadeX', 
        'SP', '61539-816', 'F', 'luciana.almeida@exemplo.com', 'senha123');
INSERT INTO Aluno VALUES (
        1, 'Luciana', 'Almeida', '(11)96876-3000', 'regular'
    );
INSERT INTO Usuario VALUES ('Rafael', 'Oliveira', '(11)99143-6241', '2003-05-15',
        'Rua 58', '289', 'Bairro 2', 'CidadeX', 
        'SP', '77496-718', 'F', 'rafael.oliveira@exemplo.com', 'senha123');
INSERT INTO Aluno VALUES (
        2, 'Rafael', 'Oliveira', '(11)99143-6241', 'regular'
    );
INSERT INTO Usuario VALUES ('Ana', 'Silva', '(11)96206-4848', '2003-05-15',
        'Rua 69', '227', 'Bairro 7', 'CidadeX', 
        'SP', '36814-321', 'F', 'ana.silva@exemplo.com', 'senha123');
INSERT INTO Aluno VALUES (
        1, 'Ana', 'Silva', '(11)96206-4848', 'regular'
    );
INSERT INTO Usuario VALUES ('Ana', 'Lima', '(11)95533-6572', '2003-05-15',
        'Rua 83', '60', 'Bairro 4', 'CidadeX', 
        'SP', '19195-157', 'F', 'ana.lima@exemplo.com', 'senha123');
INSERT INTO Aluno VALUES (
        2, 'Ana', 'Lima', '(11)95533-6572', 'regular'
    );
INSERT INTO Usuario VALUES ('Fernanda', 'Souza', '(11)97682-1035', '2003-05-15',
        'Rua 83', '421', 'Bairro 3', 'CidadeX', 
        'SP', '59099-545', 'F', 'fernanda.souza@exemplo.com', 'senha123');
INSERT INTO Aluno VALUES (
        1, 'Fernanda', 'Souza', '(11)97682-1035', 'regular'
    );
INSERT INTO Usuario VALUES ('João', 'Pereira', '(11)95279-9863', '2003-05-15',
        'Rua 70', '373', 'Bairro 6', 'CidadeX', 
        'SP', '48881-496', 'F', 'joão.pereira@exemplo.com', 'senha123');
INSERT INTO Aluno VALUES (
        1, 'João', 'Pereira', '(11)95279-9863', 'regular'
    );
INSERT INTO Usuario VALUES ('Beatriz', 'Oliveira', '(11)99259-6593', '2003-05-15',
        'Rua 91', '343', 'Bairro 9', 'CidadeX', 
        'SP', '78790-970', 'F', 'beatriz.oliveira@exemplo.com', 'senha123');
INSERT INTO Aluno VALUES (
        2, 'Beatriz', 'Oliveira', '(11)99259-6593', 'regular'
    );
INSERT INTO Usuario VALUES ('Ana', 'Ferreira', '(11)97680-1216', '1995-03-21',
        'Rua 49', '167', 'Bairro 8', 'CidadeX', 
        'SP', '29046-264', 'M', 'ana.ferreira@exemplo.com', 'senha123');
INSERT INTO Funcionario_Administrativo VALUES (
        'Ana', 'Ferreira', '(11)97680-1216', 'Cargo 1'
    );
INSERT INTO Usuario VALUES ('Gustavo', 'Santos', '(11)97787-6719', '1995-03-21',
        'Rua 12', '344', 'Bairro 2', 'CidadeX', 
        'SP', '63779-722', 'M', 'gustavo.santos@exemplo.com', 'senha123');
INSERT INTO Funcionario_Administrativo VALUES (
        'Gustavo', 'Santos', '(11)97787-6719', 'Cargo 2'
    );
INSERT INTO Usuario VALUES ('Ana', 'Lima', '(11)96314-2854', '1995-03-21',
        'Rua 34', '90', 'Bairro 4', 'CidadeX', 
        'SP', '90041-345', 'M', 'ana.lima@exemplo.com', 'senha123');
INSERT INTO Funcionario_Administrativo VALUES (
        'Ana', 'Lima', '(11)96314-2854', 'Cargo 3'
    );
INSERT INTO Usuario VALUES ('Ana', 'Oliveira', '(11)97274-3683', '1995-03-21',
        'Rua 12', '127', 'Bairro 6', 'CidadeX', 
        'SP', '41111-506', 'M', 'ana.oliveira@exemplo.com', 'senha123');
INSERT INTO Funcionario_Administrativo VALUES (
        'Ana', 'Oliveira', '(11)97274-3683', 'Cargo 4'
    );
INSERT INTO Usuario VALUES ('Fernanda', 'Silva', '(11)91714-3422', '1995-03-21',
        'Rua 23', '357', 'Bairro 1', 'CidadeX', 
        'SP', '72417-311', 'M', 'fernanda.silva@exemplo.com', 'senha123');
INSERT INTO Funcionario_Administrativo VALUES (
        'Fernanda', 'Silva', '(11)91714-3422', 'Cargo 5'
    );
INSERT INTO Usuario VALUES ('Marina', 'Silva', '(11)98716-1346', '1995-03-21',
        'Rua 68', '454', 'Bairro 1', 'CidadeX', 
        'SP', '80123-124', 'M', 'marina.silva@exemplo.com', 'senha123');
INSERT INTO Funcionario_Administrativo VALUES (
        'Marina', 'Silva', '(11)98716-1346', 'Cargo 6'
    );
INSERT INTO Usuario VALUES ('João', 'Souza', '(11)98062-6030', '1995-03-21',
        'Rua 14', '341', 'Bairro 8', 'CidadeX', 
        'SP', '62422-464', 'M', 'joão.souza@exemplo.com', 'senha123');
INSERT INTO Funcionario_Administrativo VALUES (
        'João', 'Souza', '(11)98062-6030', 'Cargo 7'
    );
INSERT INTO Usuario VALUES ('Pedro', 'Santos', '(11)94693-9912', '1995-03-21',
        'Rua 98', '141', 'Bairro 7', 'CidadeX', 
        'SP', '90080-872', 'M', 'pedro.santos@exemplo.com', 'senha123');
INSERT INTO Funcionario_Administrativo VALUES (
        'Pedro', 'Santos', '(11)94693-9912', 'Cargo 8'
    );
INSERT INTO Usuario VALUES ('Gustavo', 'Lima', '(11)98028-5080', '1995-03-21',
        'Rua 79', '203', 'Bairro 8', 'CidadeX', 
        'SP', '40618-499', 'M', 'gustavo.lima@exemplo.com', 'senha123');
INSERT INTO Funcionario_Administrativo VALUES (
        'Gustavo', 'Lima', '(11)98028-5080', 'Cargo 9'
    );
INSERT INTO Usuario VALUES ('Carlos', 'Santos', '(11)92670-1365', '1995-03-21',
        'Rua 97', '86', 'Bairro 4', 'CidadeX', 
        'SP', '52998-153', 'M', 'carlos.santos@exemplo.com', 'senha123');
INSERT INTO Funcionario_Administrativo VALUES (
        'Carlos', 'Santos', '(11)92670-1365', 'Cargo 10'
    );
INSERT INTO Usuario VALUES ('Ana', 'Souza', '(11)98691-3802', '1995-03-21',
        'Rua 9', '80', 'Bairro 9', 'CidadeX', 
        'SP', '91556-147', 'M', 'ana.souza@exemplo.com', 'senha123');
INSERT INTO Funcionario_Administrativo VALUES (
        'Ana', 'Souza', '(11)98691-3802', 'Cargo 11'
    );
INSERT INTO Usuario VALUES ('João', 'Santos', '(11)94446-6019', '1995-03-21',
        'Rua 9', '387', 'Bairro 9', 'CidadeX', 
        'SP', '18804-616', 'M', 'joão.santos@exemplo.com', 'senha123');
INSERT INTO Funcionario_Administrativo VALUES (
        'João', 'Santos', '(11)94446-6019', 'Cargo 12'
    );
INSERT INTO Usuario VALUES ('Carlos', 'Lima', '(11)99000-1777', '1995-03-21',
        'Rua 56', '127', 'Bairro 8', 'CidadeX', 
        'SP', '15081-810', 'M', 'carlos.lima@exemplo.com', 'senha123');
INSERT INTO Funcionario_Administrativo VALUES (
        'Carlos', 'Lima', '(11)99000-1777', 'Cargo 13'
    );
INSERT INTO Usuario VALUES ('Beatriz', 'Santos', '(11)99344-6694', '1995-03-21',
        'Rua 60', '277', 'Bairro 2', 'CidadeX', 
        'SP', '33622-296', 'M', 'beatriz.santos@exemplo.com', 'senha123');
INSERT INTO Funcionario_Administrativo VALUES (
        'Beatriz', 'Santos', '(11)99344-6694', 'Cargo 14'
    );
INSERT INTO Usuario VALUES ('Rafael', 'Ferreira', '(11)97861-7911', '1995-03-21',
        'Rua 64', '310', 'Bairro 3', 'CidadeX', 
        'SP', '79361-343', 'M', 'rafael.ferreira@exemplo.com', 'senha123');
INSERT INTO Funcionario_Administrativo VALUES (
        'Rafael', 'Ferreira', '(11)97861-7911', 'Cargo 15'
    );
INSERT INTO Usuario VALUES ('Carlos', 'Lima', '(11)97323-9236', '1995-03-21',
        'Rua 96', '214', 'Bairro 1', 'CidadeX', 
        'SP', '75429-158', 'M', 'carlos.lima@exemplo.com', 'senha123');
INSERT INTO Funcionario_Administrativo VALUES (
        'Carlos', 'Lima', '(11)97323-9236', 'Cargo 16'
    );
INSERT INTO Usuario VALUES ('Beatriz', 'Silva', '(11)97328-4098', '1995-03-21',
        'Rua 1', '218', 'Bairro 2', 'CidadeX', 
        'SP', '89263-819', 'M', 'beatriz.silva@exemplo.com', 'senha123');
INSERT INTO Funcionario_Administrativo VALUES (
        'Beatriz', 'Silva', '(11)97328-4098', 'Cargo 17'
    );
INSERT INTO Usuario VALUES ('Ana', 'Pereira', '(11)94611-5340', '1995-03-21',
        'Rua 52', '449', 'Bairro 6', 'CidadeX', 
        'SP', '89707-773', 'M', 'ana.pereira@exemplo.com', 'senha123');
INSERT INTO Funcionario_Administrativo VALUES (
        'Ana', 'Pereira', '(11)94611-5340', 'Cargo 18'
    );
INSERT INTO Usuario VALUES ('Gustavo', 'Pereira', '(11)98013-2646', '1995-03-21',
        'Rua 60', '383', 'Bairro 5', 'CidadeX', 
        'SP', '91806-356', 'M', 'gustavo.pereira@exemplo.com', 'senha123');
INSERT INTO Funcionario_Administrativo VALUES (
        'Gustavo', 'Pereira', '(11)98013-2646', 'Cargo 19'
    );
INSERT INTO Usuario VALUES ('Luciana', 'Ferreira', '(11)96163-7865', '1995-03-21',
        'Rua 1', '408', 'Bairro 10', 'CidadeX', 
        'SP', '43964-759', 'M', 'luciana.ferreira@exemplo.com', 'senha123');
INSERT INTO Funcionario_Administrativo VALUES (
        'Luciana', 'Ferreira', '(11)96163-7865', 'Cargo 20'
    );
INSERT INTO Departamento VALUES (
        'Chefe1', 'Sobrenome1', '(11)90000-0001', 'DEP1', 'Departamento 1'
    );
INSERT INTO Departamento VALUES (
        'Chefe2', 'Sobrenome2', '(11)90000-0002', 'DEP2', 'Departamento 2'
    );
INSERT INTO Departamento VALUES (
        'Chefe3', 'Sobrenome3', '(11)90000-0003', 'DEP3', 'Departamento 3'
    );
INSERT INTO Departamento VALUES (
        'Chefe4', 'Sobrenome4', '(11)90000-0004', 'DEP4', 'Departamento 4'
    );
INSERT INTO Departamento VALUES (
        'Chefe5', 'Sobrenome5', '(11)90000-0005', 'DEP5', 'Departamento 5'
    );
INSERT INTO Departamento VALUES (
        'Chefe6', 'Sobrenome6', '(11)90000-0006', 'DEP6', 'Departamento 6'
    );
INSERT INTO Departamento VALUES (
        'Chefe7', 'Sobrenome7', '(11)90000-0007', 'DEP7', 'Departamento 7'
    );
INSERT INTO Departamento VALUES (
        'Chefe8', 'Sobrenome8', '(11)90000-0008', 'DEP8', 'Departamento 8'
    );
INSERT INTO Departamento VALUES (
        'Chefe9', 'Sobrenome9', '(11)90000-0009', 'DEP9', 'Departamento 9'
    );
INSERT INTO Departamento VALUES (
        'Chefe10', 'Sobrenome10', '(11)90000-00010', 'DEP10', 'Departamento 10'
    );
INSERT INTO Curso VALUES (
        1, 'CUR1', 'Curso 1', 'DEP4', 'Graduação',
        'Ementa do curso 1', 2085, 76
    );
INSERT INTO Curso VALUES (
        1, 'CUR2', 'Curso 2', 'DEP2', 'Graduação',
        'Ementa do curso 2', 1688, 58
    );
INSERT INTO Curso VALUES (
        1, 'CUR3', 'Curso 3', 'DEP7', 'Graduação',
        'Ementa do curso 3', 2710, 55
    );
INSERT INTO Curso VALUES (
        1, 'CUR4', 'Curso 4', 'DEP10', 'Graduação',
        'Ementa do curso 4', 1870, 67
    );
INSERT INTO Curso VALUES (
        2, 'CUR5', 'Curso 5', 'DEP5', 'Graduação',
        'Ementa do curso 5', 1461, 47
    );
INSERT INTO Curso VALUES (
        1, 'CUR6', 'Curso 6', 'DEP8', 'Graduação',
        'Ementa do curso 6', 1173, 70
    );
INSERT INTO Curso VALUES (
        1, 'CUR7', 'Curso 7', 'DEP7', 'Graduação',
        'Ementa do curso 7', 2084, 74
    );
INSERT INTO Curso VALUES (
        1, 'CUR8', 'Curso 8', 'DEP9', 'Graduação',
        'Ementa do curso 8', 2853, 60
    );
INSERT INTO Curso VALUES (
        1, 'CUR9', 'Curso 9', 'DEP10', 'Graduação',
        'Ementa do curso 9', 2999, 30
    );
INSERT INTO Curso VALUES (
        2, 'CUR10', 'Curso 10', 'DEP10', 'Graduação',
        'Ementa do curso 10', 2977, 49
    );
INSERT INTO Disciplina VALUES (
        1, 'Chefe1', 'Sobrenome1', '(11)90000-0001', 
        5, 'Livro texto 1', 'Sala 1'
    );
INSERT INTO Disciplina VALUES (
        2, 'Chefe2', 'Sobrenome2', '(11)90000-0002', 
        2, 'Livro texto 2', 'Sala 2'
    );
INSERT INTO Disciplina VALUES (
        1, 'Chefe3', 'Sobrenome3', '(11)90000-0003', 
        5, 'Livro texto 3', 'Sala 3'
    );
INSERT INTO Disciplina VALUES (
        1, 'Chefe4', 'Sobrenome4', '(11)90000-0004', 
        6, 'Livro texto 4', 'Sala 4'
    );
INSERT INTO Disciplina VALUES (
        1, 'Chefe5', 'Sobrenome5', '(11)90000-0005', 
        6, 'Livro texto 5', 'Sala 5'
    );
INSERT INTO Disciplina VALUES (
        1, 'Chefe6', 'Sobrenome6', '(11)90000-0006', 
        2, 'Livro texto 6', 'Sala 6'
    );
INSERT INTO Disciplina VALUES (
        2, 'Chefe7', 'Sobrenome7', '(11)90000-0007', 
        2, 'Livro texto 7', 'Sala 7'
    );
INSERT INTO Disciplina VALUES (
        1, 'Chefe8', 'Sobrenome8', '(11)90000-0008', 
        4, 'Livro texto 8', 'Sala 8'
    );
INSERT INTO Disciplina VALUES (
        1, 'Chefe9', 'Sobrenome9', '(11)90000-0009', 
        3, 'Livro texto 9', 'Sala 9'
    );
INSERT INTO Disciplina VALUES (
        2, 'Chefe10', 'Sobrenome10', '(11)90000-00010', 
        4, 'Livro texto 10', 'Sala 10'
    );
INSERT INTO OfertaDisciplina VALUES (
        1, '2024-08-01', '2024-12-20', 59, 
        4, 'Livro texto 10', 'Sala 10'
    );
INSERT INTO OfertaDisciplina VALUES (
        2, '2024-08-01', '2024-12-20', 55, 
        6, 'Livro texto 4', 'Sala 4'
    );
INSERT INTO OfertaDisciplina VALUES (
        3, '2024-08-01', '2024-12-20', 35, 
        2, 'Livro texto 6', 'Sala 6'
    );
INSERT INTO OfertaDisciplina VALUES (
        4, '2024-08-01', '2024-12-20', 32, 
        6, 'Livro texto 4', 'Sala 4'
    );
INSERT INTO OfertaDisciplina VALUES (
        5, '2024-08-01', '2024-12-20', 47, 
        2, 'Livro texto 7', 'Sala 7'
    );
INSERT INTO OfertaDisciplina VALUES (
        6, '2024-08-01', '2024-12-20', 54, 
        4, 'Livro texto 10', 'Sala 10'
    );
INSERT INTO OfertaDisciplina VALUES (
        7, '2024-08-01', '2024-12-20', 44, 
        2, 'Livro texto 2', 'Sala 2'
    );
INSERT INTO OfertaDisciplina VALUES (
        8, '2024-08-01', '2024-12-20', 55, 
        5, 'Livro texto 3', 'Sala 3'
    );
INSERT INTO OfertaDisciplina VALUES (
        9, '2024-08-01', '2024-12-20', 48, 
        6, 'Livro texto 4', 'Sala 4'
    );
INSERT INTO OfertaDisciplina VALUES (
        10, '2024-08-01', '2024-12-20', 24, 
        2, 'Livro texto 6', 'Sala 6'
    );
INSERT INTO OfertaDisciplina VALUES (
        11, '2024-08-01', '2024-12-20', 60, 
        5, 'Livro texto 3', 'Sala 3'
    );
INSERT INTO OfertaDisciplina VALUES (
        12, '2024-08-01', '2024-12-20', 53, 
        5, 'Livro texto 1', 'Sala 1'
    );
INSERT INTO OfertaDisciplina VALUES (
        13, '2024-08-01', '2024-12-20', 58, 
        2, 'Livro texto 7', 'Sala 7'
    );
INSERT INTO OfertaDisciplina VALUES (
        14, '2024-08-01', '2024-12-20', 37, 
        6, 'Livro texto 5', 'Sala 5'
    );
INSERT INTO OfertaDisciplina VALUES (
        15, '2024-08-01', '2024-12-20', 55, 
        5, 'Livro texto 3', 'Sala 3'
    );
INSERT INTO OfertaDisciplina VALUES (
        16, '2024-08-01', '2024-12-20', 41, 
        2, 'Livro texto 6', 'Sala 6'
    );
INSERT INTO OfertaDisciplina VALUES (
        17, '2024-08-01', '2024-12-20', 45, 
        4, 'Livro texto 10', 'Sala 10'
    );
INSERT INTO OfertaDisciplina VALUES (
        18, '2024-08-01', '2024-12-20', 20, 
        4, 'Livro texto 8', 'Sala 8'
    );
INSERT INTO OfertaDisciplina VALUES (
        19, '2024-08-01', '2024-12-20', 22, 
        2, 'Livro texto 7', 'Sala 7'
    );
INSERT INTO OfertaDisciplina VALUES (
        20, '2024-08-01', '2024-12-20', 33, 
        2, 'Livro texto 2', 'Sala 2'
    );
INSERT INTO Usuario VALUES ('Fernanda', 'Ferreira', '(11)92568-1203', '2003-05-15',
        'Rua 57', '487', 'Bairro 10', 'CidadeX', 
        'SP', '99165-893', 'F', 'fernanda.ferreira@exemplo.com', 'senha123');
INSERT INTO Aluno VALUES (
        2, 'Fernanda', 'Ferreira', '(11)92568-1203', 'regular'
    );
INSERT INTO Usuario VALUES ('Fernanda', 'Santos', '(11)95174-9018', '2003-05-15',
        'Rua 88', '461', 'Bairro 7', 'CidadeX', 
        'SP', '66383-382', 'F', 'fernanda.santos@exemplo.com', 'senha123');
INSERT INTO Aluno VALUES (
        1, 'Fernanda', 'Santos', '(11)95174-9018', 'regular'
    );
INSERT INTO Usuario VALUES ('Marina', 'Costa', '(11)97643-6041', '2003-05-15',
        'Rua 22', '40', 'Bairro 10', 'CidadeX', 
        'SP', '20795-920', 'F', 'marina.costa@exemplo.com', 'senha123');
INSERT INTO Aluno VALUES (
        2, 'Marina', 'Costa', '(11)97643-6041', 'regular'
    );
INSERT INTO Usuario VALUES ('Marina', 'Lima', '(11)94120-8483', '2003-05-15',
        'Rua 69', '167', 'Bairro 8', 'CidadeX', 
        'SP', '88421-183', 'F', 'marina.lima@exemplo.com', 'senha123');
INSERT INTO Aluno VALUES (
        1, 'Marina', 'Lima', '(11)94120-8483', 'regular'
    );
INSERT INTO Usuario VALUES ('Carlos', 'Souza', '(11)94771-1427', '2003-05-15',
        'Rua 90', '149', 'Bairro 3', 'CidadeX', 
        'SP', '97617-595', 'F', 'carlos.souza@exemplo.com', 'senha123');
INSERT INTO Aluno VALUES (
        1, 'Carlos', 'Souza', '(11)94771-1427', 'regular'
    );
INSERT INTO Usuario VALUES ('Rafael', 'Santos', '(11)91107-2695', '2003-05-15',
        'Rua 71', '396', 'Bairro 3', 'CidadeX', 
        'SP', '55173-506', 'F', 'rafael.santos@exemplo.com', 'senha123');
INSERT INTO Aluno VALUES (
        2, 'Rafael', 'Santos', '(11)91107-2695', 'regular'
    );
INSERT INTO Usuario VALUES ('Pedro', 'Silva', '(11)92049-2485', '2003-05-15',
        'Rua 21', '100', 'Bairro 10', 'CidadeX', 
        'SP', '96544-203', 'F', 'pedro.silva@exemplo.com', 'senha123');
INSERT INTO Aluno VALUES (
        1, 'Pedro', 'Silva', '(11)92049-2485', 'regular'
    );
INSERT INTO Usuario VALUES ('Gustavo', 'Gomes', '(11)98980-3869', '2003-05-15',
        'Rua 28', '148', 'Bairro 7', 'CidadeX', 
        'SP', '17815-405', 'F', 'gustavo.gomes@exemplo.com', 'senha123');
INSERT INTO Aluno VALUES (
        1, 'Gustavo', 'Gomes', '(11)98980-3869', 'regular'
    );
INSERT INTO Usuario VALUES ('Rafael', 'Ferreira', '(11)92082-7992', '2003-05-15',
        'Rua 87', '312', 'Bairro 2', 'CidadeX', 
        'SP', '40950-557', 'F', 'rafael.ferreira@exemplo.com', 'senha123');
INSERT INTO Aluno VALUES (
        1, 'Rafael', 'Ferreira', '(11)92082-7992', 'regular'
    );
INSERT INTO Usuario VALUES ('Luciana', 'Silva', '(11)96877-2152', '2003-05-15',
        'Rua 19', '275', 'Bairro 7', 'CidadeX', 
        'SP', '60073-200', 'F', 'luciana.silva@exemplo.com', 'senha123');
INSERT INTO Aluno VALUES (
        1, 'Luciana', 'Silva', '(11)96877-2152', 'regular'
    );
INSERT INTO Usuario VALUES ('Fernanda', 'Souza', '(11)95866-2179', '2003-05-15',
        'Rua 40', '322', 'Bairro 1', 'CidadeX', 
        'SP', '27085-978', 'F', 'fernanda.souza@exemplo.com', 'senha123');
INSERT INTO Aluno VALUES (
        2, 'Fernanda', 'Souza', '(11)95866-2179', 'regular'
    );
INSERT INTO Usuario VALUES ('Ana', 'Oliveira', '(11)96956-5658', '2003-05-15',
        'Rua 23', '201', 'Bairro 9', 'CidadeX', 
        'SP', '48318-928', 'F', 'ana.oliveira@exemplo.com', 'senha123');
INSERT INTO Aluno VALUES (
        2, 'Ana', 'Oliveira', '(11)96956-5658', 'regular'
    );
INSERT INTO Usuario VALUES ('Carlos', 'Ferreira', '(11)92126-2915', '2003-05-15',
        'Rua 39', '11', 'Bairro 4', 'CidadeX', 
        'SP', '84954-817', 'F', 'carlos.ferreira@exemplo.com', 'senha123');
INSERT INTO Aluno VALUES (
        2, 'Carlos', 'Ferreira', '(11)92126-2915', 'regular'
    );
INSERT INTO Usuario VALUES ('Fernanda', 'Ferreira', '(11)93802-6273', '2003-05-15',
        'Rua 91', '32', 'Bairro 3', 'CidadeX', 
        'SP', '23862-301', 'F', 'fernanda.ferreira@exemplo.com', 'senha123');
INSERT INTO Aluno VALUES (
        1, 'Fernanda', 'Ferreira', '(11)93802-6273', 'regular'
    );
INSERT INTO Usuario VALUES ('Marina', 'Gomes', '(11)94773-7639', '2003-05-15',
        'Rua 23', '205', 'Bairro 5', 'CidadeX', 
        'SP', '82940-800', 'F', 'marina.gomes@exemplo.com', 'senha123');
INSERT INTO Aluno VALUES (
        2, 'Marina', 'Gomes', '(11)94773-7639', 'regular'
    );
INSERT INTO Usuario VALUES ('Pedro', 'Oliveira', '(11)96438-2814', '2003-05-15',
        'Rua 42', '238', 'Bairro 7', 'CidadeX', 
        'SP', '28932-198', 'F', 'pedro.oliveira@exemplo.com', 'senha123');
INSERT INTO Aluno VALUES (
        2, 'Pedro', 'Oliveira', '(11)96438-2814', 'regular'
    );
INSERT INTO Usuario VALUES ('Rafael', 'Oliveira', '(11)95353-8168', '2003-05-15',
        'Rua 81', '27', 'Bairro 7', 'CidadeX', 
        'SP', '66966-169', 'F', 'rafael.oliveira@exemplo.com', 'senha123');
INSERT INTO Aluno VALUES (
        1, 'Rafael', 'Oliveira', '(11)95353-8168', 'regular'
    );
INSERT INTO Usuario VALUES ('Pedro', 'Silva', '(11)99963-9195', '2003-05-15',
        'Rua 5', '70', 'Bairro 6', 'CidadeX', 
        'SP', '92988-955', 'F', 'pedro.silva@exemplo.com', 'senha123');
INSERT INTO Aluno VALUES (
        2, 'Pedro', 'Silva', '(11)99963-9195', 'regular'
    );
INSERT INTO Usuario VALUES ('Pedro', 'Silva', '(11)99463-1864', '2003-05-15',
        'Rua 76', '51', 'Bairro 9', 'CidadeX', 
        'SP', '16150-276', 'F', 'pedro.silva@exemplo.com', 'senha123');
INSERT INTO Aluno VALUES (
        1, 'Pedro', 'Silva', '(11)99463-1864', 'regular'
    );
INSERT INTO Usuario VALUES ('João', 'Lima', '(11)98976-8991', '2003-05-15',
        'Rua 91', '46', 'Bairro 9', 'CidadeX', 
        'SP', '35988-211', 'F', 'joão.lima@exemplo.com', 'senha123');
INSERT INTO Aluno VALUES (
        2, 'João', 'Lima', '(11)98976-8991', 'regular'
    );
-- Populando Matrículas (corrigido)
INSERT INTO Matricula VALUES (
        1, '2024-07-15', 'Nota A', 5, TRUE, 'ativa', '2024-07-30',
        9, 'Rafael', 'Oliveira', '(11)95353-8168'
    );
INSERT INTO Matricula VALUES (
        2, '2024-07-15', 'Nota A', 37, TRUE, 'ativa', '2024-07-30',
        14, 'Pedro', 'Silva', '(11)92049-2485'
    );
INSERT INTO Matricula VALUES (
        3, '2024-07-15', 'Nota A', 30, TRUE, 'ativa', '2024-07-30',
        18, 'Fernanda', 'Santos', '(11)95174-9018'
    );
INSERT INTO Matricula VALUES (
        4, '2024-07-15', 'Nota A', 4, TRUE, 'ativa', '2024-07-30',
        13, 'Marina', 'Gomes', '(11)94773-7639'
    );
INSERT INTO Matricula VALUES (
        5, '2024-07-15', 'Nota A', 12, TRUE, 'ativa', '2024-07-30',
        3, 'Fernanda', 'Ferreira', '(11)92568-1203'
    );
INSERT INTO Matricula VALUES (
        6, '2024-07-15', 'Nota A', 33, TRUE, 'ativa', '2024-07-30',
        17, 'Carlos', 'Souza', '(11)94771-1427'
    );
INSERT INTO Matricula VALUES (
        7, '2024-07-15', 'Nota A', 19, TRUE, 'ativa', '2024-07-30',
        15, 'Rafael', 'Ferreira', '(11)92082-7992'
    );
INSERT INTO Matricula VALUES (
        8, '2024-07-15', 'Nota A', 13, TRUE, 'ativa', '2024-07-30',
        9, 'Pedro', 'Silva', '(11)92049-2485'
    );
INSERT INTO Matricula VALUES (
        9, '2024-07-15', 'Nota A', 42, TRUE, 'ativa', '2024-07-30',
        1, 'Pedro', 'Silva', '(11)99463-1864'
    );
INSERT INTO Matricula VALUES (
        10, '2024-07-15', 'Nota A', 37, TRUE, 'ativa', '2024-07-30',
        4, 'Luciana', 'Silva', '(11)96877-2152'
    );
INSERT INTO Matricula VALUES (
        11, '2024-07-15', 'Nota A', 22, TRUE, 'ativa', '2024-07-30',
        19, 'Fernanda', 'Souza', '(11)95866-2179'
    );
INSERT INTO Matricula VALUES (
        12, '2024-07-15', 'Nota A', 34, TRUE, 'ativa', '2024-07-30',
        16, 'Marina', 'Gomes', '(11)94773-7639'
    );
INSERT INTO Matricula VALUES (
        13, '2024-07-15', 'Nota A', 20, TRUE, 'ativa', '2024-07-30',
        9, 'Rafael', 'Ferreira', '(11)92082-7992'
    );
INSERT INTO Matricula VALUES (
        14, '2024-07-15', 'Nota A', 31, TRUE, 'ativa', '2024-07-30',
        15, 'João', 'Lima', '(11)98976-8991'
    );
INSERT INTO Matricula VALUES (
        15, '2024-07-15', 'Nota A', 40, TRUE, 'ativa', '2024-07-30',
        2, 'Marina', 'Lima', '(11)94120-8483'
    );
INSERT INTO Matricula VALUES (
        16, '2024-07-15', 'Nota A', 7, TRUE, 'ativa', '2024-07-30',
        4, 'Pedro', 'Oliveira', '(11)96438-2814'
    );
INSERT INTO Matricula VALUES (
        17, '2024-07-15', 'Nota A', 42, TRUE, 'ativa', '2024-07-30',
        8, 'Ana', 'Oliveira', '(11)96956-5658'
    );
INSERT INTO Matricula VALUES (
        18, '2024-07-15', 'Nota A', 33, TRUE, 'ativa', '2024-07-30',
        20, 'Ana', 'Oliveira', '(11)96956-5658'
    );
INSERT INTO Matricula VALUES (
        19, '2024-07-15', 'Nota A', 35, TRUE, 'ativa', '2024-07-30',
        18, 'Marina', 'Costa', '(11)97643-6041'
    );
INSERT INTO Matricula VALUES (
        20, '2024-07-15', 'Nota A', 38, TRUE, 'ativa', '2024-07-30',
        8, 'Pedro', 'Silva', '(11)99463-1864'
    );